Basiswert,Yahoo,Hebel,Vola naiv %,Vola robust %,KO in Sigma (robust),Sprungtage/Jahr,groesster Tag %,Sleeve robust %,WKN
Applied Materials,AMAT,22.5023537990529,2.924821691892233,5.038187433806382,0.8591680025488603,12.047808764940239,14.966198872657133,113.37107614145363,FG60JY
Advanced Micro Devices (AMD),AMD,23.4797596291691,2.9216128088803583,4.553126009707723,1.1026627329078356,15.0597609561753,23.708027557556832,106.90630426925519,FG60J4
Micron Technology,MU,19.6371013204594,3.4052502206678192,5.3185086964139785,1.0623306598161757,28.111553784860558,19.291611835261314,104.44009414522573,FG6YHX
Sandisk /DE,SNDK,11.004128977679,5.651198916610873,8.738225592912059,1.1492377613541236,64.25498007968127,27.564952572933255,96.15656146045986,FG6173
NVIDIA,NVDA,32.9931337243691,2.868554504549857,2.7968649525495892,0.9967654573581419,1.00398406374502,8.73795275466771,92.27733938846984,FG6YHG
Qualcomm,QCOM,29.3656493346428,1.6786117230103663,3.0342459200651355,1.2442230457513916,12.047808764940239,15.115385789137626,89.10260168370337,FG6YJ8
Microsoft,MSFT,42.6294917403082,1.4734149413425215,2.0734670988762973,0.941951470618853,2.00796812749004,15.506733300956487,88.39084856534792,FG6R9S
Robinhood Markets,HOOD,18.8539723082305,5.805884076768149,4.6813159100644866,0.9009665861208992,25.099601593625497,16.571645678046675,88.2614005344347,FG6149
Nebius Group,NBIS,13.7226861033878,9.098338432350676,6.240151717396284,1.346560809749125,49.19521912350597,49.42242408478228,85.6316432553455,FG6WNJ
ServiceNow,NOW,21.6868687543451,3.928209949985998,3.762480727489571,1.1168300850739168,8.03187250996016,17.74522263479331,81.5964257278192,FG6RW4
Broadcom,AVGO,33.709756010378,2.219206342922774,2.376458827516483,1.2226218769210597,5.0199203187251,12.586859324621802,80.10984724428961,FG617R
Intel,INTC,18.1146491122112,3.0070347941903544,4.421729011395215,1.3247393679569794,24.095617529880478,23.59988383395475,80.09806951070884,FG60FL
Lumentum Holdings,LITE,11.0777684921655,6.077497264556279,7.134926601659817,1.1909972643458957,54.21513944223108,23.566574243899694,79.0390651017806,FG317G
Palantir Technologies,PLTR,22.7358603814418,3.3992006486471755,3.3210928594042057,1.169049174300631,6.0239043824701195,29.454836201182122,75.50790356521735,FG60AQ
Strategy,MSTR,13.8058113168077,6.684132492396516,5.2398784610836335,1.0426350082920552,19.07569721115538,26.114585820992108,72.34077335672535,FG60LB
Coinbase Global,COIN,15.0412588346829,5.272476052160847,4.791765969768591,1.1932572353355024,14.055776892430279,16.464676156554383,72.07419222651468,FG60A6
Tesla,TSLA,26.0851004670195,3.1996694586484304,2.6654812150170946,1.2002446491921888,2.00796812749004,14.523677416617442,69.52934528667411,FG6QH4
Texas Instruments,TXN,22.5698680421319,1.7403655747076772,2.9812856415496087,1.5174111903316836,5.0199203187251,19.432107783060836,67.28722352567722,FE4GYA
UnitedHealth Group,UNH,41.0542083967827,1.2128445737299174,1.6160407651686397,1.4790988540476064,3.0119521912350598,19.605278002940317,66.3452743509295,FG6VEU
Taiwan Semiconductor Manufacturing Co (TSMC),TSM,35.3911471648344,1.6327166744685433,1.8723486038176598,1.4150677775938207,0.0,7.920619502695914,66.26456498158302,FG61G6
Newmont,NEM,20.8513774233677,3.051917264761068,3.1334806402334126,1.3400757246914237,3.0119521912350598,11.486647597888776,65.33738747832275,FG6WRP
Meta Platforms (Facebook),META,26.0407242079958,2.065017042958392,2.488479726804647,1.3663886217729622,4.01593625498008,11.334763146610161,64.80181426290855,FG6YU3
Booking Holdings,BKNG,26.8961134057481,1.7943022399700124,2.388670522788019,1.3301833226146802,2.00796812749004,9.324223091256856,64.24595326987415,FG2JBT
Carnival,CCL,22.772914790631,2.0735233935408908,2.8016756741932687,1.3789661354386291,9.03585657370518,11.230158087407727,63.80232139938696,FA0TTF
Norwegian Cruise Line Holdings,NCLH,21.0126540820408,2.3102628380288115,2.9957919254057055,1.5684708636004547,7.027888446215139,15.284036713278892,62.94953943032107,FG36WD
Salesforce,CRM,20.1802334769724,5.398526791211757,3.1072614935559693,1.3633393818547082,4.01593625498008,22.58049267441564,62.705262413965436,FG36HD
Cisco,CSCO,36.7538522478107,2.2256693281648463,1.6809838251679785,1.3995628246859964,3.0119521912350598,13.409242823617351,61.78263114118353,FG0LSL
Teradyne,TER,10.8112897083955,4.075078775861421,5.713073263376521,1.5796953421256443,23.09163346613546,20.473747443481827,61.765690175652075,FG6VE3
Chevron,CVX,34.5390557311798,1.39422680679087,1.784193342953537,1.4353113221582148,0.0,5.099430736546373,61.62435330747221,FG6WU0
IBM,IBM,31.0340864192632,1.586348021388691,1.9813919071336092,1.5083296037051293,5.0199203187251,25.207594284781155,61.49068767641316,FG6EBJ
Western Digital,WDC,9.43496872101139,4.105892262048653,6.397248921823699,1.6782572220603742,30.1195219123506,16.766020428649497,60.35784347793044,FG2257
Hecla Mining Co,HL,15.6452131888869,4.618919977533304,3.8476036494554275,1.4373695269724103,23.09163346613546,14.437687238301189,60.196579362069436,FG38NK
Amazon,AMZN,31.783606100533,1.676786980222741,1.883515389442303,1.5027892850651308,2.00796812749004,15.320588778032107,59.864911222326164,FG2QBS
XPeng,XPEV,18.4924148067995,2.8227888328112605,3.19860520944954,1.562101458042899,8.03187250996016,16.146301636551065,59.14993433633068,FG6X0E
Dell Technologies,DELL,11.5522030689744,5.265693840168892,5.044546454318391,1.7829449966549098,17.067729083665338,32.75824629173631,58.27562503116085,FG6W47
Arista Networks,ANET,14.1566546963627,3.08314459985902,4.081734005286129,1.7587587484982974,11.04382470119522,13.605923802150999,57.78369887523722,FG22YH
Shopify,SHOP,18.7347487626078,2.6599837284187773,3.0516514061797784,1.43640781528124,6.0239043824701195,16.98296992954351,57.17192240583696,FG6ZQM
Lam Research,LRCX,10.4419475622832,3.1954569850143333,5.336482825172182,1.9390813805050706,13.05179282868526,17.97899505442311,55.72327382747283,FG2TV2
Moderna,MRNA,11.1294996008131,40.3488003606167,4.969038910801791,1.5472310293645368,20.0796812749004,176.96951623021624,55.3029165741933,FG6TVW
GE Aerospace,GE,27.6074841528875,1.9653307677980136,1.9563405204751039,1.7126387746741891,0.0,7.378335949764525,54.00963991666812,FG0PEQ
Alphabet  A,GOOGL,30.775610608725,1.3570632318085885,1.741061545754653,1.5030609972552003,1.00398406374502,9.961703465838955,53.58223217797005,FG2880
Caterpillar,CAT,20.5229401865814,1.864834776239524,2.5561752782527805,1.8810075610174426,2.00796812749004,11.63460692505316,52.46023234199989,FG6W5H
Intuit,INTU,18.9632608449543,3.0013415344891547,2.7565860574115706,1.7591885745991807,3.0119521912350598,20.019270913400277,52.27386044825978,FG220Z
Alphabet C (Google),GOOG,32.1644539122009,1.2484198908318953,1.5838204332974004,1.5897022119192488,1.00398406374502,9.970920827572826,50.94271933199629,FG5RPC
Rocket Lab USA,RKLB,10.2525887556266,2.392190171367372,4.951964933058385,1.8619253311762016,43.17131474103585,34.21990170916687,50.77045999093163,FG38RG
Carvana Co,CVNA,13.1681678419003,3.812858825525371,3.8245151214428668,1.9849383130894172,10.0398406374502,14.167290112394305,50.361857033045375,FE5HY9
Seagate Technology,STX,9.72520589789806,4.464722961422991,5.112497660269659,2.073860368264704,19.07569721115538,19.144066344044152,49.720092398644525,FG2V1V
CrowdStrike Holdings,CRWD,17.4601334977276,6.069245502576036,2.8287525762795984,1.8567921718337599,7.027888446215139,20.49900387962671,49.39039761388266,FG36NQ
Apple,AAPL,32.595695715386,1.3544929062591318,1.479627905947418,1.497151530670913,0.0,7.353864245054432,48.229500994255815,FG6U7U
Marvell Technology,MRVL,8.08810272088868,5.097355605417372,5.942689626502626,1.695822297915569,19.07569721115538,32.5206299280056,48.06508413751283,FG32F9
Netease.com,NTES,18.3917432370796,3.09782596116639,2.6058845538127944,1.8584595983240273,0.0,7.742553051103318,47.926759619196645,FG6ZQ0
Accenture,ACN,15.6117342335039,2.331204298328821,2.961687631514829,2.0373818221896918,3.0119521912350598,17.966791960033145,46.23708018586514,FG3R45
AppLovin,APP,13.5943534862122,2.507420306590947,3.3632219946110773,2.020850523164078,16.06374501992032,19.679953235908144,45.72082864734664,FG3BDK
Reddit,RDDT,11.3257029182765,4.804765860891873,4.007138664038883,1.9376135840089341,17.067729083665338,20.989663292746364,45.38366206124377,FG2214
Circle Internet Group,CRCL,6.43275501561672,6.053922453270923,6.998695853545094,2.2036802460852094,34.135458167330675,35.4733596817012,45.02089585466814,FG6YQM
Vistra Energy,VST,16.0232896296305,1.974852452955769,2.770943769055685,2.153184326270123,4.01593625498008,12.756163869024395,44.39963455899921,FG6Z98
Palo Alto Networks,PANW,13.9500767461042,4.530560114606291,3.130119418807979,2.2511579244674835,4.01593625498008,12.831926220329892,43.665406116842384,FC970G
Gilead Sciences,GILD,25.3950651921548,1.520782728681839,1.687339597032827,2.330805699015013,0.0,5.820829703804531,42.850099067952854,FG6W2X
Spotify Technology,SPOT,14.3461131372058,2.7824089176881275,2.971390286571012,2.1475112085422143,4.01593625498008,14.747852959180353,42.6279012259421,FG6FRB
Constellation Energy,CEG,16.0429846929158,2.09867006238724,2.608062965486179,2.2917718673838565,2.00796812749004,10.895190967020628,41.84111423345536,FG6YS1
Boeing,BA,27.2054668850829,1.1564665374796177,1.5253001149981358,2.057247978098606,2.00796812749004,10.146947059794464,41.49650176839492,FG3V15
GE Vernova,GEV,13.0559789732138,2.4937223146693803,3.042114169462893,2.3414830172954173,6.0239043824701195,15.624502497092463,39.71777863062329,FG6SBQ
Microchip Technology,MCHP,10.779045172061,1.915686406523372,3.6565752552304502,2.293967137303404,7.027888446215139,13.891879701809273,39.4143898511695,FG3SL7
ON Semiconductor,ON,10.0604038891843,2.2383080133830418,3.825737402220658,2.2116091771956623,12.047808764940239,23.656726329166933,38.488463440298545,FG3SMR
CIENA,CIEN,7.66613271389462,5.1709762136396735,5.0079848800016205,2.401661437335569,21.083665338645417,13.659588777882092,38.391876719270044,FG2JBZ
CoreWeave,CRWV,7.46890280434408,5.767029676192876,5.1271984618761355,2.4824566824354233,35.13944223107569,22.635933253169082,38.294546970335325,FG2ZHU
Arm Holdings,ARM,8.10504370881754,3.186526072286177,4.7184508767559,2.1491585719067032,26.10358565737052,17.359658840383084,38.24325059401501,FG3KB9
Zoom Communications,ZM,12.8857681805444,3.1982988218642974,2.896634861753553,2.420768791060028,6.0239043824701195,11.576728730327835,37.325365332239556,FG6U2K
Fortinet,FTNT,12.8225055353295,3.481524966155368,2.882234470848029,2.546102422725207,2.00796812749004,20.03335729164033,36.95746745656635,FG2TKH
Zscaler,ZS,10.1948213431413,4.071746486550846,3.581138366742865,2.811225025259289,11.04382470119522,31.52221046448711,36.509065854012334,FG2XAS
Vertiv Holdings Co,VRT,8.30223347578363,3.096248071668127,4.340992710632248,2.2871155658715736,13.05179282868526,24.491534207756803,36.03993500034377,FG2JM7
Cameco,CCJ,14.5093695672666,2.881601294202065,2.477026142963699,2.432257756482573,6.0239043824701195,23.424151780378445,35.94008773604126,FG6X2M
Johnson&Johnson,JNJ,21.7701593638503,1.3399544898871922,1.6476963649940235,2.562960767735665,0.0,3.9937923000193942,35.87061244915674,FG6D77
American Express,AXP,25.8195377261147,1.097182678758079,1.3797939291418513,2.5210833320435415,0.0,7.879044748495733,35.625641407742066,FE68WA
Alibaba Group Holding ADR,BABA,17.4253828507207,2.7588421818235225,2.04191433336746,2.5113059217125353,6.0239043824701195,11.045449393418828,35.58113900730213,FG1FPE
Walt Disney Co,DIS,18.2150261075984,1.67131303741085,1.9460554118518325,2.72469411187418,0.0,7.749679208981242,35.447450133714284,FG6M79
Freeport-McMoRan,FCX,11.3928894492684,2.950001870769245,3.0935040713864836,2.47406422395418,3.0119521912350598,16.95326794076657,35.24394989616791,FG36T0
Paychex,PAYX,18.7942403203274,1.7396754399515677,1.8580456375273973,2.5086367871371604,0.0,5.6300256707325635,34.92055623782584,FG53G7
Morgan Stanley,MS,19.2817975047123,1.3864876955569096,1.7805836605552448,2.8521865819945837,0.0,6.186270013243655,34.33285358302561,FG2W64
Cheniere Energy,LNG,15.8489855673367,1.5456325758049985,2.1353472812605756,2.9162282402505317,0.0,5.878594329773934,33.84308824195052,FG6MC3
ConocoPhillips,COP,19.6286889749189,1.7663163960034922,1.7193200538602045,2.6780619125562395,0.0,5.0883528369911835,33.74799858556277,FG6RY8
Exxon Mobil,XOM,24.5656850019295,1.6752266792424988,1.3709268697665484,2.6247863924984074,0.0,5.234000171600661,33.67775764336625,FG2769
NXP Semiconductors,NXPI,13.0053900791913,1.4092877765148677,2.554989240483164,3.0249987642125253,3.0119521912350598,25.547984186068874,33.22863172062026,FE398C
T-Mobile US,TMUS,15.4242197449174,1.5688682110317436,2.0932126120263366,2.9948294210112993,1.00398406374502,10.746833565563563,32.28617130072674,FG2GBG
PepsiCo,PEP,23.2752782495694,1.1114019639348582,1.37165237622207,3.1792003492442142,0.0,4.929129707279989,31.925590718251733,FG6M0C
Airbnb,ABNB,15.8746735794005,2.000561042599365,2.0027043244309777,2.9556665470821923,1.00398406374502,17.42944344562858,31.79227742639557,FG6LB9
Super Micro Computer,SMCI,6.66057752081345,5.397000919355885,4.75518980400693,3.0671775800145737,31.12350597609562,33.32250706010124,31.67231031576987,FG6L7D
JP Morgan Chase,JPM,31.4579040546284,0.8891453486033238,1.0039970100537834,3.0322207329131285,0.0,4.6635519456711405,31.583641613405707,FG5WYL
Cloudflare,NET,8.66680814516307,4.1559268170343024,3.598202318496699,2.812892734484467,15.0597609561753,23.622415843137347,31.184929161891834,FG6WGY
Deere and Co,DE,14.8539395610232,2.5590228054374062,2.0735274036211027,3.0222048664564034,1.00398406374502,11.584940786836718,30.800050731513217,FG6VB5
Delta Air Lines,DAL,13.7633984946447,1.81401826499154,2.2350271319965787,3.196216474758445,1.00398406374502,9.386069081823333,30.761569064011773,FE53WC
Baidu ADS,BIDU,15.788078259986,3.4007786212954416,1.9423096493083374,2.8215274754633604,8.03187250996016,15.031378263571815,30.66533674840599,FG32DB
Procter & Gamble (P&G),PG,24.7085917020956,0.8103128184198212,1.2203181437129176,2.962612499333549,0.0,4.091486402032141,30.1523427596617,FE6L37
Eli Lilly and Co,LLY,18.5747402533606,2.101104204478769,1.5926110156009428,3.404575153762048,3.0119521912350598,10.330254407221018,29.582335939428333,FG30K6
Axon Enterprise,AXON,6.52109616447615,4.321341253336413,4.5188162363238815,3.2452439356831375,17.067729083665338,17.552141464843718,29.467635226664218,FG0W6X
Abbott Laboratories,ABT,16.4473779054047,1.3288554877328669,1.7645465932983857,3.042062034261342,2.00796812749004,10.70909101320192,29.022164651673,FG2JAP
Intuitive Surgical,ISRG,15.1676843070033,1.959053206057935,1.876312958878346,3.3132069141147533,2.00796812749004,14.145098561851588,28.45932262140602,FG6J47
DoorDash,DASH,10.2044382809431,2.071955538171425,2.7603633394254787,3.1909715051812704,4.01593625498008,17.453778691652445,28.16795733014529,FG2ZH4
Netflix,NFLX,14.1271535353239,2.48295587754524,1.9675916980900623,3.5197480066233795,3.0119521912350598,13.77231591232555,27.796470013746983,FG2DK7
Citigroup,C,20.4367012639831,1.3904187879388277,1.3593221238260085,3.3827497182706043,0.0,6.0048424969016745,27.78006016615518,FG6WZ1
Block (Square),XYZ,11.947945059997,2.675384620012362,2.3142287374575887,3.2501343359914836,2.00796812749004,16.81643533636774,27.65027781140949,FG2GFK
AngloGold Ashanti,AU,7.34164436237978,3.8031181649025223,3.747076968192522,3.2508627126058993,10.0398406374502,13.221822407337102,27.509706498933745,FG6FJ5
O'Reilly Automotive,ORLY,16.9525588182365,1.0631466542296997,1.602586765359658,3.4759603237169934,1.00398406374502,8.408767454662968,27.16794640108698,SY4B12
Enphase Energy,ENPH,5.87481373832165,2.7876773640076995,4.623657547886868,3.6183885712639796,21.083665338645417,38.599785034434596,27.163126883620357,FD49KW
Adobe,ADBE,9.01356785947475,3.1230805001434585,2.994809055566747,3.4532562615166644,0.0,7.583954165488804,26.993914648520356,FG2JF1
Cadence Design Systems,CDNS,14.3262340826227,2.629612118127228,1.8758094420367517,3.294433386231925,4.01593625498008,10.463289614776716,26.873285161012383,FE3Y0R
Pdd Holdings,PDD,14.1710785923235,1.9844587819882604,1.8935252052836578,3.6722970774923915,2.00796812749004,10.378723967967286,26.8332945006202,FG32LT
Snap,SNAP,9.42987754528942,3.9140464499975742,2.8301532158988043,3.5866395846840993,12.047808764940239,14.880952493583987,26.687998260332773,FG223D
HubSpot,HUBS,5.31452520931026,5.035196189490876,4.934737692540173,3.4658806870047547,19.07569721115538,19.09596449222982,26.225787868338298,FG2XD4
Cintas,CTAS,16.6270940162917,1.0405223758521835,1.5722930866551053,3.5281353507855853,0.0,7.2152649764102295,26.142664972979908,FG1X1F
Goldman Sachs Group,GS,15.1324576257757,1.6089405082471198,1.7111239400967921,3.334840942573785,1.00398406374502,8.995990357249784,25.89351051596507,FG1055
Barrick Mining,B,7.5867330060706,3.252659105046718,3.305257246465592,3.7626198081509026,6.0239043824701195,12.026894165785063,25.076104245314536,FE1ETW
Sea,SE,8.72655957146242,4.213334994756407,2.861074137228461,3.737984203826269,7.027888446215139,16.528846631474714,24.967333896894615,FG2F9J
Costco Wholesale,COST,23.3161845537764,1.243727321309812,1.0684437774461368,3.555096821880064,0.0,4.213489657649083,24.912032300268123,SW6BRU
Amgen,AMGN,16.0148307790125,1.3920213137836706,1.5362335496935993,3.8589091790227763,1.00398406374502,8.154409807662377,24.602520335384682,FG6D92
Walmart,WMT,17.4477062148175,2.4523333220504675,1.3959483599550788,3.9017923227580167,1.00398406374502,9.151361710052308,24.356096875552527,FG3SPX
Linde,LIN,19.5309892333398,0.952534385350892,1.2436014415046117,3.7883770437977367,0.0,5.9491996095785264,24.288766364592426,FC4414
Uber Technologies,UBER,10.9619668291474,2.211656158703075,2.2077783429819506,3.68084849065838,1.00398406374502,8.526389966974502,24.201592961878156,FG24H4
Starbucks,SBUX,16.7356243229379,1.4080069232010957,1.4193280082624575,3.958629405535789,1.00398406374502,8.449836887181906,23.753340337304184,FG1SHN
AutoDesk,ADSK,8.24673098638167,3.222819666478266,2.855658293672802,3.7589119122311505,1.00398406374502,8.260361242445203,23.5498457369493,FG0W6S
Nasdaq,NDAQ,14.6378835985433,1.2069626335161128,1.5951849418938706,4.072949256646489,1.00398406374502,9.399854047732381,23.35013149759154,FG5LBW
First Solar,FSLR,8.5818785530761,2.2607537944269342,2.6138774576631696,3.90664228902909,9.03585657370518,14.28204484495228,22.431978894288637,FG3KEX
Take-Two Interactive Software,TTWO,11.8575995653149,2.061635239509297,1.8736185658524207,4.053127993594146,1.00398406374502,8.08240665205837,22.216618692017587,FG36XP
Danaher,DHR,11.4438443413781,1.9331743298176312,1.920081120580741,4.015820504887552,1.00398406374502,10.989013990574314,21.973109466744834,FG6JZX
Target,TGT,12.6200768566889,2.0079370200071467,1.72967505959725,4.5478435682161065,0.0,6.742073876701915,21.82863218921525,FG3R9M
Vertex,VRTX,12.3543393640386,2.0956716230533674,1.7335372797659065,4.598968612489893,1.00398406374502,8.310373579605269,21.416707854440332,FG6ECV
Illumina,ILMN,6.96335826364972,3.026184371893446,3.0374955341595946,4.418509042543951,3.0119521912350598,24.775273457266866,21.151169628589336,FG3SK3
General Motors Company (GM),GM,13.4483059946387,1.4697523553073593,1.5434519509167404,4.0559491829621015,2.00796812749004,14.862073701003498,20.756814123950395,FE4A80
Occidental Petroleum,OXY,9.94441326195335,1.6837351818504382,2.0368750771732826,4.619436583703984,1.00398406374502,9.382292743961674,20.255527530384246,FE3W5H
eBay,EBAY,8.58757493315388,2.1019199032445117,2.314422824824051,4.746997399377315,1.00398406374502,15.883059486819363,19.87527943517821,FG24R2
Ulta Beauty,ULTA,9.70246184771967,2.5184703496376435,1.9587782229037651,4.989268467146268,2.00796812749004,14.243643311218223,19.004970975867916,FG38RZ
Bank of America,BAC,17.0758182005163,1.0882206854703624,1.1101139016288912,4.799311636581109,0.0,4.722748455138759,18.95610316608078,SU7SH4
Union Pacific,UNP,16.6645144777692,1.2460515827490806,1.1336453396661526,4.7470335887065565,1.00398406374502,8.765042664040257,18.891649175522183,FG6V8N
Pfizer,PFE,11.1304815424141,1.452846353863119,1.6666250365549515,5.015204283549979,0.0,6.8343779232516555,18.550339207500112,SU7U9T
RTX,RTX,15.7143693584979,1.3033555977757043,1.1351994308373117,4.993295637224534,0.0,7.672195916349067,17.838943151734103,FG6UMG
BlackRock,BLK,9.20083094177691,1.3294600281547004,1.9013054105368472,5.3846193132893685,0.0,7.685989158740947,17.493589651035276,FG1N7C
PayPal Holdings,PYPL,9.60873703769177,3.47018516410336,1.8130833318974304,5.8931670268977365,3.0119521912350598,20.313397088029472,17.421440963624438,FG1SFA
Unity Software,U,6.64479052546073,1.925126327313952,2.5660053946391552,5.67350889505215,10.0398406374502,26.32484431906438,17.05056833457938,FG2244
Nike,NKE,6.38398741694145,2.0399080375942864,2.6455158095911897,5.68819152071365,2.00796812749004,15.505487834206699,16.888939639749825,FG157A
Estee Lauder,EL,8.30898168682094,4.156420360965973,2.0090094546634156,4.992352286318006,5.0199203187251,19.18735626714477,16.692822767448444,FG3SJ6
Coca-Cola Co,KO,14.038213737035,0.982153960885079,1.1842039532233564,5.517213078834565,0.0,4.995833190779431,16.624108203591273,FE6YYE
Altria Group,MO,10.6116324580515,1.806199251910876,1.5533846822861317,5.6965005214408535,1.00398406374502,9.316598903004646,16.483947314387528,FG5UK7
Oracle,ORCL,4.11639555481423,3.174834975410585,3.9969364240222927,5.262258731490104,11.04382470119522,35.94881952720688,16.452971328720448,FE69PN
Albemarle,ALB,6.62560004748115,2.8631537292456755,2.423550116074171,5.61342546923508,10.0398406374502,16.312433616285183,16.057473764133974,FC2VR2
Monster Beverage,MNST,10.4724099392911,1.699444166498843,1.501541006749886,5.628260790306896,1.00398406374502,13.584308975911718,15.724752963340672,FG2TKS
3M,MMM,13.8173239626937,0.8184475133923474,1.1303776408601276,5.6663403253720945,0.0,7.662489148396312,15.618794063949814,FG6PV4
HP,HPQ,5.14856218045223,2.926561255571112,2.9977938869184855,5.615547408093357,4.01593625498008,15.251142514914996,15.434328230979405,FG39YQ
MercadoLibre,MELI,8.40577626241246,2.913930956235524,1.7927382040039026,6.348728253018404,4.01593625498008,12.699931497379547,15.06935623993595,FC94C8
SLB,SLB,8.07004196947647,2.475378658120585,1.8647234351388957,5.82089662092194,2.00796812749004,11.012276183428614,15.048396383037224,FG29C3
Thermo Fisher Scientific,TMO,9.083373980822,1.506977479654525,1.6069271004588284,6.094924597623212,3.0119521912350598,9.424352086608456,14.596319813385461,SF895G
JB Hunt Transport Services,JBHT,8.24546048834317,2.289871197009867,1.7556384913914542,5.672894872407313,2.00796812749004,22.142191952552338,14.476047812582646,FG106L
Twilio,TWLO,6.25295925208964,3.2001902252451155,2.225172193762406,6.099034748997709,7.027888446215139,24.886129705237625,13.91391105647924,FG3V6E
Regeneron Pharm,REGN,9.84474528194698,1.8410302892871075,1.3113031740838177,7.408863941147335,2.00796812749004,11.817666398775595,12.909445736263761,FG512J
Verizon,VZ,8.48906287456156,0.99230817569484,1.4916906459759158,7.731599533072748,1.00398406374502,11.831195483536572,12.663055683084897,FG3SPD
Moody's,MCO,7.16707726328524,1.526310746390407,1.7654088731252553,7.542589024899064,1.00398406374502,8.896625294655024,12.652821794978033,FG04J5
United Rentals,URI,5.87226719171035,1.9233136282853471,2.1489302285664778,7.862058525541097,3.0119521912350598,22.918827626827245,12.61909247848555,FE4GYD
AT&T,T,7.71461692301871,1.1397915538692225,1.5980180880785317,8.084966672416346,0.0,5.132900767869552,12.328097385580643,FD6SVZ
NextEra Energy,NEE,13.2971997036721,0.8299636172052616,0.9092043797869928,7.608116670864817,0.0,6.944444444444442,12.089872209480975,FG2V0M
Republic Services,RSG,9.15904915589639,0.8757581795217474,1.2955156114030841,8.05188763617607,0.0,4.262263279342737,11.865691167072013,SU30TR
BioNTech,BNTX,5.80881170650641,5.6202820328096985,1.5767085925558266,10.46123244546986,6.0239043824701195,21.962267112217827,9.158803330187531,FE6881
JD.com,JD,4.67632242578125,2.184216371332782,1.6760419691474757,12.313534804900229,1.00398406374502,8.299966303738081,7.837712646874907,FE1H7D
