Basiswert,Yahoo,Produkte,Kurs EUR,Vola typisch %,Vola std %,std/MAD,Sprungtage/Jahr,groesster Tag %,engster KO %,KO in Sigma,Hebel,Spread %,Sleeve-Tagesvola %,WKN
NVIDIA,NVDA,1507,201.55226975383027,2.7968649525495892,2.5717031897240528,0.91949494643269,1.984251968503937,8.73795275466771,2.4853958086289882,0.8886363306041396,59.9874322589086,0.0,167.77674687838407,FG6Z58
Western Digital,WDC,191,406.9195347736271,6.397248921823699,6.37880881095187,0.9971174936137124,31.748031496062993,16.094370134809054,4.957940467252594,0.7750113412562358,20.169665339974173,1.7391304347826104,129.03036984969464,FG4CRT
Advanced Micro Devices (AMD),AMD,1781,414.09142254733223,4.553126009707723,4.576760258411508,1.0051907741304313,15.874015748031496,18.614536695655758,5.180284040687609,1.137742296093436,23.4797596291691,1.746724890829696,106.90630426925519,FG60J4
Intel,INTC,482,84.58420726458942,4.421729011395215,4.910503947412439,1.1105393240421573,31.748031496062993,23.59988383395475,6.60218631269632,1.4931232320392906,22.0313291337784,1.6393442622950833,97.41656719042456,FG60FN
Circle Internet Group,CRCL,90,88.98677108433736,6.998695853545094,5.73071564656755,0.8188262165535789,35.71653543307087,20.112129930083565,9.238283576312988,1.3200007215106313,10.824521587148567,1.111111111111112,75.75753434858603,FG4CGH
Netflix,NFLX,489,67.97464021346187,1.9675916980900623,2.4095823414375457,1.2246353467421736,1.984251968503937,9.722611808071646,2.5620852875207034,1.302142761634802,33.8971105235976,0.0,66.69567325547192,FG6EJ1
Dell Technologies,DELL,170,455.12881669535284,5.044546454318391,4.9486250759983506,0.980985133314031,25.79527559055118,32.75824629173631,9.442703124553713,1.8718636472205092,11.5522030689744,1.75824175824176,58.27562503116085,FG6W47
Rocket Lab USA,RKLB,64,55.517254260630054,4.951964933058385,5.4581866987478955,1.1022264439536054,43.653543307086615,34.21990170916687,8.102907559023375,1.636301482050063,11.3021980389424,0.0,55.96808835532401,FG2TW2
Lumentum Holdings,LITE,87,765.8346087966947,7.134926601659817,6.112929091348277,0.856761314114459,61.51181102362205,16.518032755444256,9.957363441532541,1.395580360871005,7.66432603068092,0.0,54.684403680099095,FG3KF8
Alphabet  A,GOOGL,372,292.2882685025818,1.741061545754653,2.298000553037135,1.3198847327600243,1.984251968503937,9.961703465838955,2.6932165804955495,1.5468818934417339,30.775610608725,0.0,53.58223217797005,FG2880
Barrick Mining,B,247,38.31686058519793,3.305257246465592,3.0132114066700035,0.9116420242001189,1.984251968503937,8.972870011695289,4.538395665888763,1.3730839470185874,16.1110826754686,0.0,53.25127276149886,FG3R5M
Taiwan Semiconductor Manufacturing Co (TSMC),TSM,343,371.6578275090377,1.8723486038176598,2.8732979575052506,1.5345956151790787,0.0,7.644055596774724,3.925959139443557,2.096809927082302,27.674278581738,1.8867924528301903,51.815896864178114,FG6ZXQ
Apple,AAPL,1137,275.408330464716,1.479627905947418,1.997811707307626,1.3502122386833537,0.0,7.353864245054432,2.0954084512534754,1.416172568002337,31.4856234473164,1.5151515151515165,46.587007088801684,FG6R0V
Marvell Technology,MRVL,166,195.05031459803752,5.942689626502626,5.982049338847859,1.006623215213815,33.73228346456693,32.5206299280056,9.865502501064007,1.660107311858725,7.54406554837469,1.8181818181818195,44.83204007598212,FG32GA
Microsoft,MSFT,1294,430.5387088999828,2.0734670988762973,2.782766916190141,1.3420839509333156,1.984251968503937,15.506733300956487,4.436885581610055,2.1398389123293047,20.4055869155432,0.0,42.3103131026395,FC2JEX
Amazon,AMZN,1374,223.2133786574871,1.883515389442303,2.810584153350641,1.492201321584549,1.984251968503937,15.320588778032107,4.299438386922649,2.2826669805950917,22.2498455447114,1.9417475728155356,41.90792649617818,FG2QA8
Walmart,WMT,139,92.20273799276984,1.3959483599550788,1.8145764334132457,1.2998879367368847,1.984251968503937,9.151361710052308,2.5768162794307807,1.8459252171145513,29.8096031219695,0.0,41.612666589025125,FG6U1F
ServiceNow,NOW,176,121.62651833362025,3.762480727489571,3.86642587052244,1.0276267575999583,11.905511811023622,17.74522263479331,8.420140111980912,2.2379224564424702,10.5577178409118,0.0,39.72320990270345,FG6GWH
Salesforce,CRM,250,222.28450507832676,3.1072614935559693,3.9010852577880604,1.2554737558710045,7.937007874015748,22.58049267441564,8.209095710144389,2.6419069419065364,12.37572384324,1.4563106796116625,38.45461015298214,FG6WFJ
CoreWeave,CRWV,74,77.47640318416524,5.1271984618761355,6.687859527530684,1.3043886592764098,33.73228346456693,21.50608664367981,12.750808625807725,2.486895859525978,7.46890280434408,1.9230769230769247,38.294546970335325,FG2ZHU
Meta Platforms (Facebook),META,1088,530.9106158547082,2.488479726804647,2.899239558180745,1.1650645681182772,3.968503937007874,8.808961112881498,6.06932020165526,2.438967107619808,15.0491925284649,0.0,37.449610511864876,FG5U0Z
Freeport-McMoRan,FCX,110,62.67377130315029,3.0935040713864836,3.0797255567228263,0.9955459846356427,3.968503937007874,12.620808685451868,7.881543328233043,2.547772088336253,11.3928894492684,0.0,35.24394989616791,FG36T0
Nebius Group,NBIS,99,195.12666982268894,6.240151717396284,8.984979638093554,1.4398655745893556,61.51181102362205,34.14067067129276,17.492119091480077,2.8031560583239634,5.61759962156086,1.7142857142857157,35.05467392612771,FG29CS
Coinbase Global,COIN,423,161.52436833046474,4.791765969768591,4.5628584171743025,0.95222897903644,15.874015748031496,10.588095812657372,11.666371927404459,2.4346706414728896,7.02651578001707,1.8518518518518534,33.66941920072781,FC8HUU
Applied Materials,AMAT,282,393.1667082616179,5.038187433806382,5.214130823207248,1.0349219618587988,21.826771653543307,14.966198872657133,15.277572897842386,3.0323550083368147,6.6774399699508,1.960784313725492,33.64219414660259,FC7FQB
Micron Technology,MU,1714,903.7406541573421,5.3185086964139785,6.198222313539701,1.1654060691334156,39.68503937007874,19.291611835261314,10.378250267962038,1.9513459242737738,6.08297716906419,0.0,32.35236697375557,FC9X95
Newmont,NEM,237,109.56377044241694,3.1334806402334126,2.9775606575130666,0.9502406427158486,1.984251968503937,8.67999243792752,10.254984381735106,3.272713496315463,9.94972674003859,1.6260162601626031,31.17727611552363,FE1XR9
Super Micro Computer,SMCI,368,34.907386813565154,4.75518980400693,6.143159422627543,1.2918852192715946,43.653543307086615,33.32250706010124,14.928403372749191,3.1393916937174344,6.53487966101864,1.8518518518518534,31.074593134488097,FG6L7E
Sandisk /DE,SNDK,158,1557.0812790497505,8.738225592912059,8.824859574171844,1.0099143676640778,71.43307086614173,25.99395037665051,32.07799757418535,3.670996729611234,3.42936373273623,1.9880715705765513,29.966553936800157,FG56BE
Tesla,TSLA,2170,305.48042003787225,2.6654812150170946,3.6357799075850004,1.3640238344586055,3.968503937007874,14.523677416617442,8.620733289702782,3.234212734696573,10.6711774637807,0.0,28.443823071821217,FG18S3
Seagate Technology,STX,156,736.1950598209675,5.112497660269659,5.372823655762091,1.050919533424041,25.79527559055118,12.235698947670937,15.443210780791858,3.0206783077485664,5.39906683684258,1.6000000000000014,27.6027165709972,FG6B4W
Broadcom,AVGO,442,311.57348020654047,2.376458827516483,2.7632692046867358,1.1627675483755335,1.984251968503937,12.586859324621802,9.611684663671907,4.044540790010906,11.4034162770305,1.9543973941368098,27.099749275394274,FC7AH0
Robinhood Markets,HOOD,419,108.32218841452918,4.6813159100644866,4.786172009739814,1.0223988514532623,21.826771653543307,16.571645678046675,18.559167529385682,3.9645193543731643,5.77046228759378,1.9512195121951237,27.013356915339877,FG6YPH
Alphabet C (Google),GOOG,616,290.4636230636833,1.5838204332974004,2.2797853914686046,1.4394216311013586,1.984251968503937,9.970920827572826,5.802700193852929,3.6637361609056427,16.8328826592458,1.7142857142857157,26.660263507010985,FC7J2S
IBM,IBM,160,202.88422361852298,1.9813919071336092,3.9590484830869235,1.9981147943691269,7.937007874015748,25.207594284781155,7.473085322985777,3.771634120478848,12.9314209566018,1.9108280254777086,25.62221283114876,FG2UKD
Pfizer,PFE,137,24.559845928731278,1.6666250365549515,1.4385004080903023,0.8631218039684553,0.0,3.633026683002427,5.487668603247077,3.292683406815087,15.2933196438219,0.0,25.48822941043123,FG2TQ9
CrowdStrike Holdings,CRWD,424,184.47151635111874,2.8287525762795984,4.386214108747637,1.5505824530317978,7.937007874015748,20.49900387962671,9.96545782070421,3.522916038775958,8.77405128861377,1.9417475728155356,24.81962018707553,FG32D2
Procter & Gamble (P&G),PG,73,125.41737734549838,1.2203181437129176,1.1938686074348968,0.978325704313839,0.0,4.091486402032141,5.129154943058805,4.203129298277032,20.0045849566702,1.5151515151515165,24.411957980071133,FG23GB
Eli Lilly and Co,LLY,277,989.9104522375216,1.5926110156009428,2.132782275418361,1.3391733791402884,1.984251968503937,9.796636724274844,5.552603420932794,3.4864780957436867,14.9231420009103,1.5873015873015885,23.766760338026838,FG36TP
Palantir Technologies,PLTR,685,152.0962601136168,3.3210928594042057,5.190816505845074,1.5629844528876833,7.937007874015748,29.454836201182122,11.951286614359088,3.598600557198245,7.0449143858201,1.980198019801982,23.396814861861102,FC34JT
Moderna,MRNA,314,126.78532664830435,4.969038910801791,23.598836319241244,4.749175191190724,23.811023622047244,176.96951623021624,20.14056085202231,4.053210532974571,4.67521718525323,1.9157088122605297,23.231336109972524,FG34LM
GE Vernova,GEV,92,812.4766741263556,3.042114169462893,3.6150452091835477,1.1883331814012128,7.937007874015748,13.74559391493091,12.45233688661321,4.0933167504399615,7.58273307424146,1.7288444040036353,23.067539728404864,FG3V3T
Lam Research,LRCX,134,265.43397099328627,5.336482825172182,5.340939121393265,1.0008350624122808,17.858267716535433,17.97899505442311,23.102720395354876,4.329203550769315,3.85596292160336,1.993865030674845,20.57727990563708,FG04JN
Nike,NKE,160,33.197430280599065,2.6455158095911897,2.1399817897949145,0.8089090913902363,1.984251968503937,15.505487834206699,12.341132332322372,4.664924808833193,7.71803936010258,0.0,20.418195146198443,FG5JMP
Occidental Petroleum,OXY,86,51.99407729385437,2.0368750771732826,2.127534499375032,1.0445090733436457,0.0,7.111562537667238,9.000430895775036,4.4187446724840775,9.94441326195335,1.960784313725492,20.255527530384246,FE3W5H
Alibaba Group Holding ADR,BABA,423,97.32630550774527,2.04191433336746,2.809581729277652,1.3759547515610897,5.952755905511811,11.045449393418828,9.880135375464366,4.838663020289573,9.56234263815885,1.8348623853211024,19.525484493427367,FG38MM
Strategy,MSTR,498,125.25469616112929,5.2398784610836335,5.655003858938415,1.079224241733449,19.84251968503937,17.558246979579796,27.59264775330632,5.265894611532654,3.45914820434289,1.9999999999999956,18.125516169632437,FG6HVB
AppLovin,APP,126,274.16084552495704,3.3632219946110773,4.401880053491861,1.3088282785213214,9.921259842519685,19.657725410449757,17.425303143583342,5.181133797145735,5.34791625607878,1.930501930501924,17.98622957778228,FG29AJ
AT&T,T,108,22.265672547332187,1.5980180880785317,1.845893296659823,1.155114144470879,0.0,5.132900767869552,8.461720372833742,5.295134289129464,11.105223930427,0.0,17.74634871298491,FG3A74
Uber Technologies,UBER,80,65.51213461869513,2.2077783429819506,2.6507853187344965,1.2006573608989188,1.984251968503937,8.526389966974502,12.563209810889484,5.690430767574656,7.9279203825018,1.1494252873563229,17.503090925372657,FC4VVT
Arista Networks,ANET,149,167.22430378657486,4.081734005286129,3.6181896910163283,0.8864344629832618,11.905511811023622,13.605923802150999,24.007219301606813,5.881622680585211,4.20247467796478,1.9704433497536855,17.153383799402715,FE50NF
UnitedHealth Group,UNH,179,343.0047632983302,1.6160407651686397,1.4644471105504038,0.9061944117465276,1.984251968503937,9.37234397486053,8.12739587006404,5.029202261006032,10.5821047008584,1.5822784810126667,17.101112577869866,FG2MTG
Adobe,ADBE,256,229.59099784853703,2.994809055566747,3.2328207192709693,1.0794747375502312,0.0,7.583954165488804,17.660226213951038,5.896945643704474,5.64174384929904,1.8691588785046744,16.89594556906876,FC4STH
Coca-Cola Co,KO,93,76.27709122203099,1.1842039532233564,1.4264593564666357,1.2045723649071343,0.0,4.995833190779431,6.091750590462027,5.144173496364814,14.038213737035,1.960784313725492,16.624108203591273,FE6YYE
Johnson&Johnson,JNJ,181,236.09208856946117,1.6476963649940235,1.610134239584538,0.9772032479967134,0.0,3.9937923000193942,9.073813560408485,5.506969459413353,10.055684158284,1.8433179723502322,16.568714235132536,FG5JY1
KLA,KLAC,80,158.99728051299707,4.246420874134795,5.199989836179164,1.2245582786794909,19.84251968503937,12.923529575675552,25.321025668154295,5.962910040873759,3.8555198310338,1.960784313725492,16.372159891142587,FG1XB1
Oracle,ORCL,179,139.07480547426408,3.9969364240222927,3.681072285704624,0.9209734394524592,15.874015748031496,12.694618903749522,20.37301521467375,5.097157686128891,4.02021030806407,1.9108280254777086,16.06852501253116,FE6Y5V
Linde,LIN,225,410.87881907385093,1.2436014415046117,1.320993074261195,1.0622318615704953,0.0,5.9491996095785264,7.734021370062666,6.2190514677318225,12.6025643650886,1.9999999999999956,15.672567211078835,FG2VY6
Zscaler,ZS,86,147.89941642279223,3.581138366742865,3.32758362599677,0.9291971672748548,13.88976377952756,31.52221046448711,23.700553191255096,6.618161814510212,4.29694147624779,1.9774011299434981,15.387941980239686,FG0XG3
Goldman Sachs Group,GS,224,893.2403064210708,1.7111239400967921,2.306947227623157,1.3482058041293379,1.984251968503937,8.995990357249784,10.831465890285521,6.330030009207179,8.83866160530713,1.9417475728155356,15.124045471255377,FD6CZU
GE Aerospace,GE,72,290.2995713547943,1.9563405204751039,1.914093594897564,0.9784051267479345,0.0,6.7428936394748895,12.432479253523503,6.354966900396375,7.68908678800056,1.8324607329842892,15.04247204881526,FG28CG
Vertiv Holdings Co,VRT,81,244.21980418316406,4.340992710632248,4.705063711781185,1.083868143859636,15.874015748031496,17.25775511715123,26.045742642740414,5.9999507898153,3.45207280936268,1.946107784431136,14.985422902015177,FG0MC6
Caterpillar,CAT,233,703.7060120481929,2.5561752782527805,2.7878777647725554,1.0906442091397386,1.984251968503937,9.883340382082118,15.710793287115148,6.146211263671217,5.83977925321469,1.9861830742659796,14.927499357520876,FG1VGG
Cisco,CSCO,115,94.15218158347678,1.6809838251679785,2.1484281245577748,1.2780778091919385,3.968503937007874,13.409242823617351,10.745737151379085,6.392528583851946,8.81851828369646,1.914311759343672,14.823786596841831,FG3C9P
JP Morgan Chase,JPM,164,309.1142395420898,1.0039970100537834,1.2746572976036445,1.2695827625376714,0.0,3.675648395834963,6.492070945658619,6.46622537781347,14.0796084158367,1.8264840182648419,14.135884752228133,FG0XQM
Boeing,BA,145,182.06509294320136,1.5253001149981358,2.2377223187613917,1.467070182948309,1.984251968503937,8.027207436157035,10.36203701577518,6.79344144400582,9.16101018794679,1.960784313725492,13.973289893174332,FE0623
BioNTech,BNTX,270,90.06734939759036,1.5767085925558266,3.496601410284752,2.217658625565553,7.937007874015748,21.962267112217827,10.96634608677805,6.955214259980488,8.28281546430755,1.9417475728155356,13.05958631312799,FG3MF5
Texas Instruments,TXN,98,223.289699173696,2.9812856415496087,2.934105620751247,0.9841746057000299,5.952755905511811,19.432107783060836,23.09003185968543,7.7449914687422305,4.37998043428093,1.9193857965450989,13.057972778989956,FE3LDE
CIENA,CIEN,77,274.5433950086059,5.0079848800016205,4.83531977649249,0.9655220397731963,25.79527559055118,13.659588777882092,38.48859360209806,7.685445248805465,2.54356899825581,1.9108280254777146,12.738155084505964,FC2227
Verizon,VZ,95,43.05894043725254,1.4916906459759158,1.703339620787665,1.1418853000001759,0.0,5.842084416064908,11.992017651184806,8.039212207662006,8.48906287456156,1.8518518518518534,12.663055683084897,FG3SPD
Palo Alto Networks,PANW,168,287.4389800309864,3.130119418807979,3.729360953773074,1.1914436654922578,7.937007874015748,12.831926220329892,25.458883611295374,8.133518311895811,3.93907104169976,1.8944519621109566,12.329762759688593,FE6FNC
Chevron,CVX,103,180.35935370051635,1.784193342953537,1.6152093663345495,0.905288304495491,0.0,4.586752302720221,13.685286615763737,7.670293508162765,6.87804543694455,1.9379844961240413,12.271762881128417,FD9902
Shopify,SHOP,212,126.1259201239456,3.0516514061797784,3.839214343584827,1.258077621778879,7.937007874015748,16.98296992954351,24.8714396216871,8.15015750859385,3.96081478867275,1.89274447949527,12.087026019470859,FG0RAX
MercadoLibre,MELI,127,1705.6714537786197,1.7927382040039026,2.258200810950481,1.2596378020544292,1.984251968503937,12.699931497379547,14.422738552508473,8.045089082330438,6.71533006453667,1.9999999999999927,12.038828759190881,FC9U2K
Intuitive Surgical,ISRG,74,313.78303580650714,1.876312958878346,2.9705117917280592,1.583164353085224,1.984251968503937,14.145098561851588,15.908429270903726,8.478558545166013,6.25902425562856,1.9762845849802302,11.743888320769761,FG1SZH
JD.com,JD,149,23.965370115338267,1.6760419691474757,1.9157073853721698,1.1429948775964127,1.984251968503937,8.299966303738081,15.34123500559405,9.15325229797045,6.94787596166228,0.0,11.64493170817686,FG3C97
Axon Enterprise,AXON,69,447.9792977624785,4.5188162363238815,4.71740943940507,1.0439480591144255,21.826771653543307,14.279146443119107,38.742368235205355,8.573565776758118,2.54685330226117,1.9977168949771567,11.50876205379287,FE3SRV
Walt Disney Co,DIS,113,90.8570476846273,1.9460554118518325,1.7624035243087168,0.9056286442695094,0.0,7.543783786246361,16.564482760038445,8.511824822231537,5.87246070106553,1.9736842105263175,11.42813392819578,SQ5ABJ
PayPal Holdings,PYPL,227,47.41805646410742,1.8130833318974304,3.326110818490829,1.8345052099783978,3.968503937007874,17.20498566529023,14.623696535458915,8.065650529231277,6.19892079686753,1.3513513513513526,11.239159972552857,FC20UV
Constellation Energy,CEG,166,257.8063201376936,2.608062965486179,2.2566417855811842,0.865255868222689,1.984251968503937,10.895190967020628,23.34712674938193,8.95190302471463,4.2638446936425,1.9704433497536964,11.120375436073765,FG0RKN
Kratos Defense,KTOS,60,41.91492425546565,4.126020610250205,3.9779395323642506,0.9641104366958133,17.858267716535433,13.769639283420098,34.284404840987484,8.309314974291526,2.65333887218457,1.3793103448275874,10.947730872611569,FG6AL1
Carnival,CCL,154,20.367104130808954,2.8016756741932687,2.610615719502124,0.9318051134715442,7.937007874015748,11.230158087407727,24.08110594794555,8.595251109812919,3.89758802934082,1.9230769230769247,10.919777569831055,FG3BU4
Deere and Co,DE,71,597.9075628227195,2.0735274036211027,2.1790818459603427,1.0509057378045281,0.0,6.942458574239452,18.920740555990704,9.124904991826241,5.24629530980502,1.9591141396933596,10.878337092369572,SW1WQB
Qualcomm,QCOM,151,147.00254906180066,3.0342459200651355,3.1707384099315257,1.0449839905736644,19.84251968503937,15.115385789137626,29.331650419986826,9.666866560162392,3.54448001055866,0.0,10.754824010790042,SB07P8
Take-Two Interactive Software,TTWO,165,187.75165346875536,1.8736185658524207,2.2976149512604147,1.226298134068229,0.0,6.793249832935788,15.283616978804362,8.15727238049167,5.69092318968312,1.986754966887419,10.66261934503037,FG3D08
AngloGold Ashanti,AU,65,93.95014199655768,3.747076968192522,3.7103363534440352,0.990194859870677,13.88976377952756,10.811642978285164,35.259279180606896,9.409809160556133,2.74661697506908,1.7910447761194044,10.291785207727964,FG0T98
XPeng,XPEV,90,9.263643484248579,3.19860520944954,2.764376678096228,0.8642444118860045,3.968503937007874,8.5315832457176,32.889334923174474,10.282398973780989,3.19699363480197,1.9480519480519498,10.225920494854602,FG256W
Delta Air Lines,DAL,92,69.2677065404475,2.2350271319965787,2.1579656704282546,0.9655210174117733,1.984251968503937,9.386069081823333,20.83144948553578,9.320445907485148,4.52941652860622,1.9736842105263175,10.123368833548659,FG0L8M
Exxon Mobil,XOM,124,139.02857917383824,1.3709268697665484,1.655949445691957,1.2079050182844138,0.0,5.234000171600661,12.13172536517507,8.849287028155594,7.31823967522842,1.6853932584269677,10.03277141016226,FC5GCM
Arm Holdings,ARM,149,218.1095017211704,4.7184508767559,5.483575513621982,1.1621558975288375,43.653543307086615,17.359658840383084,48.12349996739507,10.199004127490602,2.09749678529322,1.9811320754716895,9.896935545559474,FE2LYA
T-Mobile US,TMUS,71,156.80707264589432,2.0932126120263366,2.5169699899803093,1.2024435432498917,1.984251968503937,10.746833565563563,20.72695291298905,9.901981668706028,4.66845827296283,1.8348623853211024,9.772075735684487,SB2FK5
ON Semiconductor,ON,69,63.58653210535377,3.825737402220658,4.958858479972615,1.2961837048967955,17.858267716535433,23.656726329166933,38.212741543524025,9.98833362722265,2.53700113179285,1.632653061224491,9.705900119376047,FG1J24
Lululemon Athletica,LULU,74,86.04645808228611,2.8344071650389,3.308745796989216,1.1673502091728611,5.952755905511811,17.37701947610236,29.461925486233092,10.394387175432064,3.37502415695549,1.9531250000000104,9.566192652654014,FG1S0B
Intuit,INTU,90,287.58947237045965,2.7565860574115706,2.8533212014435874,1.0350923722377277,3.968503937007874,20.019270913400277,29.21478052131877,10.598174667092161,3.28289629049952,1.934015927189988,9.049586142319143,FG3SK9
HP,HPQ,80,28.039477534859703,2.9977938869184855,2.8399413769766575,0.9473437748236624,7.937007874015748,15.251142514914996,33.63925238206406,11.22133597271518,2.97987535975885,1.9937040923399738,8.933052137264104,FC9Z7K
Cloudflare,NET,135,242.2199561101549,3.598202318496699,3.342747961284699,0.9290050045549616,17.858267716535433,23.622415843137347,41.040574744817086,11.405855233277578,2.43792040234474,1.9960079840319291,8.772130844027249,SX4DHT
Fortinet,FTNT,89,135.00087192287828,2.882234470848029,2.761897194903349,0.9582486167722247,3.968503937007874,20.03335729164033,33.22671742656826,11.528110486025824,2.98388371090642,1.9867549668874138,8.60025248857642,FE5CU0
RTX,RTX,82,172.85380960578414,1.1351994308373117,1.8066068311331458,1.5914444476074225,0.0,7.327585396913294,12.88427971347857,11.349794021633057,7.51511873473493,1.7021276595744694,8.531158510345909,FD224H
Pdd Holdings,PDD,100,70.52106343604751,1.8935252052836578,2.130226439452566,1.1250055893147983,3.968503937007874,10.378723967967286,21.389895200277476,11.296335079454716,4.48547215098092,1.8987341772151913,8.493354575480277,FG0PUY
Starbucks,SBUX,134,90.40198140815976,1.4193280082624575,1.409777482319079,0.9932710931597339,1.984251968503937,8.449836887181906,17.0852462093763,12.037560105850424,5.71996498122865,1.9230769230769247,8.118506504138265,FC36H4
Costco Wholesale,COST,92,788.9150253872633,1.0684437774461368,1.295178042552955,1.2122098231961003,0.0,4.213489657649083,13.283151547008593,12.432241946093633,7.25273235366906,1.8867924528301903,7.7491367527599815,SU5W3U
Block (Square),XYZ,139,71.53772719449226,2.3142287374575887,2.6038086085398584,1.1251301854458875,0.0,7.318576401902776,31.724948665496594,13.708648653438475,3.08833982581046,1.746724890829696,7.14712477592533,FE0622
Spotify Technology,SPOT,215,469.8493553107247,2.971390286571012,2.4222955577287064,0.8152061237717912,3.968503937007874,13.06424452937982,41.05895876520318,13.818096852091843,2.39238731798791,1.812688821752263,7.10871643838495,FA24P5
Danaher,DHR,72,179.20569621342514,1.920081120580741,2.449905206469277,1.2759383862533302,1.984251968503937,10.989013990574314,27.810689606539164,14.48412221152804,3.57763473679027,1.9960079840319291,6.8693489144448465,CJ9HKK
Airbnb,ABNB,146,156.5935843373494,2.0027043244309777,2.9949929449457082,1.4954743485644924,1.984251968503937,17.42944344562858,29.28291438400966,14.621686300262883,3.35126518083622,1.9438444924406015,6.71159326997566,FE3N32
Booking Holdings,BKNG,83,165.7101290877797,2.388670522788019,2.605877455751516,1.0909321444256685,0.0,7.28660908055998,36.00117202773627,15.071635742260622,2.77936064915292,1.6393442622950833,6.638976854828553,FE3LE4
Nasdaq,NDAQ,69,83.63707608882768,1.5951849418938706,1.9966999693771712,1.2517043741690572,0.0,6.719677386582501,23.47537765301076,14.716398730005439,4.10911953270753,1.9417475728155356,6.55480560301703,FE5UFH
Citigroup,C,71,118.72627710843375,1.3593221238260085,1.7812385614751087,1.3103873837214945,0.0,5.723881058254743,21.3201290745761,15.684383194299464,4.65104890709649,1.9531250000000104,6.322273678413036,FG1SSZ
eBay,EBAY,79,89.3065068846816,2.314422824824051,2.0593009312847763,0.8897686754542488,0.0,6.034562541794875,39.35624206106567,17.004776153664857,2.51425313872444,1.9718309859154886,5.8190448516493545,SY3N89
First Solar,FSLR,140,176.76065760027544,2.6138774576631696,3.0457451484199014,1.1652210930893545,7.937007874015748,11.411335465445616,43.81784519335003,16.763542248274938,2.21866320819136,1.8750000000000044,5.7993137460380435,FE6TRJ
Gilead Sciences,GILD,96,130.95649079015323,1.687339597032827,1.8451234164687265,1.093510411130848,0.0,5.2079314622431205,30.32173577340249,17.970144140944132,3.28129038547704,1.9950124688279212,5.536651196778519,SX4E9V
Klarna Group,KLAR,76,12.426996470993286,2.68536651879672,4.349582996727034,1.619735319659839,13.88976377952756,22.80881474659099,47.50503794427701,17.690336723779307,2.03600235162822,1.6129032258064528,5.467412547253809,FG3P2H
Vertex,VRTX,89,473.29681442589094,1.7335372797659065,1.8868875291699914,1.0884608893007441,1.984251968503937,8.310373579605269,31.478672785495664,18.15863619024477,3.14848450530626,1.9281914893616965,5.45801526471372,FA3TDT
Cadence Design Systems,CDNS,76,252.1720899311532,1.8758094420367517,2.4032276802155716,1.281168345973432,7.937007874015748,10.463289614776716,37.920337735102386,20.21545306538628,2.61551820739611,1.9427402862985634,4.906213749252662,SF42SU
Albemarle,ALB,130,108.02733648881241,2.423550116074171,2.9881128189608774,1.2329486397422733,5.952755905511811,16.312433616285183,50.64464582795685,20.896884075991153,2.02162200704472,1.9891500904159187,4.89950224983133,FC8J20
Cameco,CCJ,104,87.06949741824441,2.477026142963699,2.7511418618365484,1.1106632320581311,5.952755905511811,9.279069034513544,51.70560233424235,20.87406403889541,1.91431701226689,1.9780219780219748,4.7418132853052475,SX30XE
SLB,SLB,61,49.72691513169221,1.8647234351388957,2.606385897386967,1.3977332232073478,1.984251968503937,11.012276183428614,41.41170929606408,22.20796313045719,2.42636656040916,1.9230769230769247,4.524502587432316,FC15SA
Altria Group,MO,67,59.29943459552496,1.5533846822861317,2.011853574952953,1.2951418910556582,1.984251968503937,9.316598903004646,34.215231623780255,22.02624502092126,2.88419498696363,1.960784313725492,4.480264313475751,SW9NRD
PepsiCo,PEP,85,118.25934153899124,1.37165237622207,1.4670354103106187,1.0695387809200325,0.0,4.254069442594388,31.92936433193013,23.278029393914583,3.08388957205758,1.3054830287206336,4.230024459519242,CJ5K6V
American Express,AXP,96,281.28173278829604,1.3797939291418513,1.545680070984678,1.120225302010133,0.0,4.310605697390846,33.56033585911096,24.322715987005004,2.95312673366789,1.8887722980062929,4.07470633910146,SU4C0R
Twilio,TWLO,94,199.92855913238077,2.225172193762406,4.137551806402221,1.8594299434446422,7.937007874015748,24.886129705237625,53.86187009475755,24.205708774243597,1.8225130320942,1.931922723091068,4.055405321785625,FC1AAD
3M,MMM,78,145.4973648881239,1.1303776408601276,1.5845386892113562,1.4017781597357573,0.0,7.321974641313922,30.824167264641254,27.2689109819852,3.22308539459893,1.9867549668874138,3.643303664637472,SY3M4S
Bank of America,BAC,68,54.06005206540448,1.1101139016288912,1.1461653640058507,1.0324754624944885,0.0,3.3778560906954525,46.692355677864164,42.06086925796676,2.13184182363408,1.9607843137254832,2.3665872444900793,SU3MY3
